<?xml version="1.0"?>
<Runs Version="1" Minor="0">
	<Run Id="clk_wiz_0_synth_1" LaunchDir="E:/pc/Andres/Universidad/TFG/Vivdado/Digital_DPWM_con_ADC/Digital_DPWM_con_ADC.runs/clk_wiz_0_synth_1" FlowId="Vivado_Synthesis" FromStepId="vivado" ToStepId="vivado"/>
	<Run Id="synth_1" LaunchDir="E:/pc/Andres/Universidad/TFG/Vivdado/Digital_DPWM_con_ADC/Digital_DPWM_con_ADC.runs/synth_1" FlowId="Vivado_Synthesis" FromStepId="vivado" ToStepId="vivado">
		<Parent Id="clk_wiz_0_synth_1"/>
	</Run>
	<Parameters>
		<Parameter Name="runs.monitorLSFJobs" Val="true" Type="bool"/>
		<Parameter Name="runs.enableClusterConf" Val="true" Type="bool"/>
	</Parameters>
</Runs>

