<?xml version="1.0"?>
<Runs Version="1" Minor="0">
	<Run Id="clk_wiz_1_synth_1" LaunchDir="C:/Users/pablo/Downloads/Todo_bien_con_ciclo_limite/Todo_bien_con_ciclo_limite.runs/clk_wiz_1_synth_1" FlowId="Vivado_Synthesis" FromStepId="vivado" ToStepId="vivado"/>
	<Run Id="synth_1" LaunchDir="C:/Users/pablo/Downloads/Todo_bien_con_ciclo_limite/Todo_bien_con_ciclo_limite.runs/synth_1" FlowId="Vivado_Synthesis" FromStepId="vivado" ToStepId="vivado">
		<Parent Id="clk_wiz_1_synth_1"/>
	</Run>
	<Parameters>
		<Parameter Name="runs.monitorLSFJobs" Val="true" Type="bool"/>
		<Parameter Name="runs.enableClusterConf" Val="true" Type="bool"/>
	</Parameters>
</Runs>

