<?xml version="1.0" encoding="UTF-8"?>
<GenRun Id="impl_1" LaunchPart="xc7z010clg400-1" LaunchTime="1722428909">
  <File Type="ROUTE-PWR" Name="Main_power_routed.rpt"/>
  <File Type="PA-TCL" Name="Main.tcl"/>
  <File Type="ROUTE-PWR-SUM" Name="Main_power_summary_routed.pb"/>
  <File Type="REPORTS-TCL" Name="Main_reports.tcl"/>
  <File Type="BITSTR-MSK" Name="Main.msk"/>
  <File Type="ROUTE-CLK" Name="Main_clock_utilization_routed.rpt"/>
  <File Type="RDI-RDI" Name="Main.vdi"/>
  <File Type="POSTROUTE-PHYSOPT-BUS-SKEW-PB" Name="Main_bus_skew_postroute_physopted.pb"/>
  <File Type="BG-BIT" Name="Main.bit"/>
  <File Type="BG-DRC" Name="Main.drc"/>
  <File Type="BG-BGN" Name="Main.bgn"/>
  <File Type="BG-BIN" Name="Main.bin"/>
  <File Type="BITSTR-RBT" Name="Main.rbt"/>
  <File Type="BITSTR-NKY" Name="Main.nky"/>
  <File Type="BITSTR-BMM" Name="Main_bd.bmm"/>
  <File Type="BITSTR-MMI" Name="Main.mmi"/>
  <File Type="ROUTE-METHODOLOGY-DRC" Name="Main_methodology_drc_routed.rpt"/>
  <File Type="BITSTR-SYSDEF" Name="Main.sysdef"/>
  <File Type="BITSTR-LTX" Name="debug_nets.ltx"/>
  <File Type="BITSTR-LTX" Name="Main.ltx"/>
  <File Type="WBT-USG" Name="usage_statistics_webtalk.html"/>
  <File Type="OPT-DRC" Name="Main_drc_opted.rpt"/>
  <File Type="OPT-HWDEF" Name="Main.hwdef"/>
  <File Type="PLACE-IO" Name="Main_io_placed.rpt"/>
  <File Type="PLACE-UTIL" Name="Main_utilization_placed.rpt"/>
  <File Type="PLACE-UTIL-PB" Name="Main_utilization_placed.pb"/>
  <File Type="PLACE-CTRL" Name="Main_control_sets_placed.rpt"/>
  <File Type="PLACE-PRE-SIMILARITY" Name="Main_incremental_reuse_pre_placed.rpt"/>
  <File Type="ROUTE-DRC" Name="Main_drc_routed.rpt"/>
  <File Type="ROUTE-DRC-PB" Name="Main_drc_routed.pb"/>
  <File Type="ROUTE-PWR-RPX" Name="Main_power_routed.rpx"/>
  <File Type="ROUTE-STATUS" Name="Main_route_status.rpt"/>
  <File Type="ROUTE-STATUS-PB" Name="Main_route_status.pb"/>
  <File Type="ROUTE-DCP" Name="Main_routed.dcp"/>
  <File Type="ROUTE-ERROR-DCP" Name="Main_routed_error.dcp"/>
  <File Type="ROUTE-BLACKBOX-DCP" Name="Main_routed_bb.dcp"/>
  <File Type="ROUTE-TIMINGSUMMARY" Name="Main_timing_summary_routed.rpt"/>
  <File Type="ROUTE-TIMING-PB" Name="Main_timing_summary_routed.pb"/>
  <File Type="ROUTE-TIMING-RPX" Name="Main_timing_summary_routed.rpx"/>
  <File Type="ROUTE-SIMILARITY" Name="Main_incremental_reuse_routed.rpt"/>
  <File Type="ROUTE-BUS-SKEW" Name="Main_bus_skew_routed.rpt"/>
  <File Type="ROUTE-BUS-SKEW-PB" Name="Main_bus_skew_routed.pb"/>
  <File Type="ROUTE-BUS-SKEW-RPX" Name="Main_bus_skew_routed.rpx"/>
  <File Type="OPT-DCP" Name="Main_opt.dcp"/>
  <File Type="PLACE-DCP" Name="Main_placed.dcp"/>
  <File Type="PWROPT-DCP" Name="Main_pwropt.dcp"/>
  <File Type="POSTPLACE-PWROPT-DCP" Name="Main_postplace_pwropt.dcp"/>
  <File Type="PHYSOPT-DCP" Name="Main_physopt.dcp"/>
  <File Type="POSTROUTE-PHYSOPT-DCP" Name="Main_postroute_physopt.dcp"/>
  <File Type="POSTROUTE-PHYSOPT-BLACKBOX-DCP" Name="Main_postroute_physopt_bb.dcp"/>
  <File Type="POSTROUTE-PHYSOPT-TIMING" Name="Main_timing_summary_postroute_physopted.rpt"/>
  <File Type="POSTROUTE-PHYSOPT-TIMING-PB" Name="Main_timing_summary_postroute_physopted.pb"/>
  <File Type="POSTROUTE-PHYSOPT-TIMING-RPX" Name="Main_timing_summary_postroute_physopted.rpx"/>
  <File Type="POSTROUTE-PHYSOPT-BUS-SKEW" Name="Main_bus_skew_postroute_physopted.rpt"/>
  <File Type="POSTROUTE-PHYSOPT-BUS-SKEW-RPX" Name="Main_bus_skew_postroute_physopted.rpx"/>
  <File Type="ROUTE-METHODOLOGY-DRC-PB" Name="Main_methodology_drc_routed.pb"/>
  <File Type="ROUTE-DRC-RPX" Name="Main_drc_routed.rpx"/>
  <File Type="ROUTE-METHODOLOGY-DRC-RPX" Name="Main_methodology_drc_routed.rpx"/>
  <File Type="PDI-FILE" Name="Main.pdi"/>
  <File Type="BOOT-PDI-FILE" Name="Main_soc.pdi"/>
  <File Type="PL-PDI-FILE" Name="Main_pld.pdi"/>
  <File Type="RCFI_FILE" Name="Main.rcfi"/>
  <File Type="CFI_FILE" Name="Main.cfi"/>
  <File Type="RNPI_FILE" Name="Main.rnpi"/>
  <File Type="NPI_FILE" Name="Main.npi"/>
  <File Type="RBD_FILE" Name="Main.rbd"/>
  <File Type="ROUTE-RQS" Name="Main_routed.rqs"/>
  <File Type="POSTROUTE-PHYSOPT-RQS" Name="Main_postroute_physopted.rqs"/>
  <File Type="ROUTE-RQS-RPT" Name="route_report_qor_suggestions_0.rpt"/>
  <File Type="POSTROUTE-PHYSOPT-RQS-RPT" Name="postroute_physopt_report_qor_suggestions_0.rpt"/>
  <FileSet Name="sources" Type="DesignSrcs" RelSrcDir="$PSRCDIR/sources_1" RelGenDir="$PGENDIR/sources_1">
    <Filter Type="Srcs"/>
    <File Path="$PSRCDIR/sources_1/ip/clk_wiz_0/clk_wiz_0.xci">
      <FileInfo>
        <Attr Name="UsedIn" Val="synthesis"/>
        <Attr Name="UsedIn" Val="implementation"/>
        <Attr Name="UsedIn" Val="simulation"/>
      </FileInfo>
    </File>
    <File Path="$PSRCDIR/sources_1/ip/xadc_wiz_0/xadc_wiz_0.xci">
      <FileInfo>
        <Attr Name="UsedIn" Val="synthesis"/>
        <Attr Name="UsedIn" Val="implementation"/>
        <Attr Name="UsedIn" Val="simulation"/>
      </FileInfo>
    </File>
    <File Path="$PSRCDIR/sources_1/new/Clk_generador.vhd">
      <FileInfo>
        <Attr Name="UsedIn" Val="synthesis"/>
        <Attr Name="UsedIn" Val="simulation"/>
      </FileInfo>
    </File>
    <File Path="$PSRCDIR/sources_1/new/Clk_generator_desp.vhd">
      <FileInfo>
        <Attr Name="UsedIn" Val="synthesis"/>
        <Attr Name="UsedIn" Val="simulation"/>
      </FileInfo>
    </File>
    <File Path="$PSRCDIR/sources_1/imports/new/Contador.vhd">
      <FileInfo>
        <Attr Name="ImportPath" Val="$PPRDIR/../Digital_PWM/Digital_PWM.srcs/sources_1/new/Contador.vhd"/>
        <Attr Name="ImportTime" Val="1697623560"/>
        <Attr Name="UsedIn" Val="synthesis"/>
        <Attr Name="UsedIn" Val="simulation"/>
      </FileInfo>
    </File>
    <File Path="$PSRCDIR/sources_1/imports/new/D-flipflop.vhd">
      <FileInfo>
        <Attr Name="ImportPath" Val="$PPRDIR/../Digital_PWM/Digital_PWM.srcs/sources_1/new/D-flipflop.vhd"/>
        <Attr Name="ImportTime" Val="1695044212"/>
        <Attr Name="UsedIn" Val="synthesis"/>
        <Attr Name="UsedIn" Val="simulation"/>
      </FileInfo>
    </File>
    <File Path="$PSRCDIR/sources_1/imports/new/DPWM.vhd">
      <FileInfo>
        <Attr Name="ImportPath" Val="$PPRDIR/../Digital_PWM/Digital_PWM.srcs/sources_1/new/DPWM.vhd"/>
        <Attr Name="ImportTime" Val="1697625908"/>
        <Attr Name="UsedIn" Val="synthesis"/>
        <Attr Name="UsedIn" Val="simulation"/>
      </FileInfo>
    </File>
    <File Path="$PSRCDIR/sources_1/imports/new/DeadTime.vhd">
      <FileInfo>
        <Attr Name="ImportPath" Val="$PPRDIR/../Digital_PWM/Digital_PWM.srcs/sources_1/new/DeadTime.vhd"/>
        <Attr Name="ImportTime" Val="1697627586"/>
        <Attr Name="UsedIn" Val="synthesis"/>
        <Attr Name="UsedIn" Val="simulation"/>
      </FileInfo>
    </File>
    <File Path="$PSRCDIR/sources_1/new/PI.vhd">
      <FileInfo>
        <Attr Name="UsedIn" Val="synthesis"/>
        <Attr Name="UsedIn" Val="simulation"/>
      </FileInfo>
    </File>
    <File Path="$PSRCDIR/sources_1/new/PID.vhd">
      <FileInfo>
        <Attr Name="UsedIn" Val="synthesis"/>
        <Attr Name="UsedIn" Val="simulation"/>
      </FileInfo>
    </File>
    <File Path="$PSRCDIR/sources_1/new/Tipo_3.vhd">
      <FileInfo>
        <Attr Name="UsedIn" Val="synthesis"/>
        <Attr Name="UsedIn" Val="simulation"/>
      </FileInfo>
    </File>
    <File Path="$PSRCDIR/sources_1/new/mult_sat.vhd">
      <FileInfo>
        <Attr Name="UsedIn" Val="synthesis"/>
        <Attr Name="UsedIn" Val="simulation"/>
      </FileInfo>
    </File>
    <File Path="$PSRCDIR/sources_1/new/suma_saturada.vhd">
      <FileInfo>
        <Attr Name="UsedIn" Val="synthesis"/>
        <Attr Name="UsedIn" Val="simulation"/>
      </FileInfo>
    </File>
    <File Path="$PSRCDIR/sources_1/new/Main.vhd">
      <FileInfo>
        <Attr Name="UsedIn" Val="synthesis"/>
        <Attr Name="UsedIn" Val="simulation"/>
      </FileInfo>
    </File>
    <Config>
      <Option Name="DesignMode" Val="RTL"/>
      <Option Name="TopModule" Val="Main"/>
    </Config>
  </FileSet>
  <FileSet Name="constrs_in" Type="Constrs" RelSrcDir="$PSRCDIR/constrs_1" RelGenDir="$PGENDIR/constrs_1">
    <Filter Type="Constrs"/>
    <File Path="$PSRCDIR/constrs_1/imports/Digital_DPWM_con_ADC/Zybo-Z7-Master.xdc">
      <FileInfo>
        <Attr Name="ImportPath" Val="$PPRDIR/Zybo-Z7-Master.xdc"/>
        <Attr Name="ImportTime" Val="1715165414"/>
        <Attr Name="UsedIn" Val="synthesis"/>
        <Attr Name="UsedIn" Val="implementation"/>
      </FileInfo>
    </File>
    <Config>
      <Option Name="TargetConstrsFile" Val="$PSRCDIR/constrs_1/imports/Digital_DPWM_con_ADC/Zybo-Z7-Master.xdc"/>
      <Option Name="ConstrsType" Val="XDC"/>
    </Config>
  </FileSet>
  <FileSet Name="utils" Type="Utils" RelSrcDir="$PSRCDIR/utils_1" RelGenDir="$PGENDIR/utils_1">
    <Filter Type="Utils"/>
    <Config>
      <Option Name="TopAutoSet" Val="TRUE"/>
    </Config>
  </FileSet>
  <Strategy Version="1" Minor="2">
    <StratHandle Name="Vivado Implementation Defaults" Flow="Vivado Implementation 2023"/>
    <Step Id="init_design"/>
    <Step Id="opt_design"/>
    <Step Id="power_opt_design"/>
    <Step Id="place_design"/>
    <Step Id="post_place_power_opt_design"/>
    <Step Id="phys_opt_design"/>
    <Step Id="route_design"/>
    <Step Id="post_route_phys_opt_design"/>
    <Step Id="write_bitstream"/>
    <Step Id="write_device_image"/>
  </Strategy>
  <BlockFileSet Type="BlockSrcs" Name="clk_wiz_1"/>
</GenRun>
