<?xml version="1.0" encoding="UTF-8"?>
<GenRun Id="synth_1" LaunchPart="xc7z010clg400-1" LaunchTime="1724857294">
  <File Type="PA-TCL" Name="Main.tcl"/>
  <File Type="RDS-PROPCONSTRS" Name="Main_drc_synth.rpt"/>
  <File Type="REPORTS-TCL" Name="Main_reports.tcl"/>
  <File Type="RDS-RDS" Name="Main.vds"/>
  <File Type="RDS-UTIL" Name="Main_utilization_synth.rpt"/>
  <File Type="RDS-UTIL-PB" Name="Main_utilization_synth.pb"/>
  <File Type="RDS-DCP" Name="Main.dcp"/>
  <File Type="VDS-TIMINGSUMMARY" Name="Main_timing_summary_synth.rpt"/>
  <File Type="VDS-TIMING-PB" Name="Main_timing_summary_synth.pb"/>
  <FileSet Name="sources" Type="DesignSrcs" RelSrcDir="$PSRCDIR/sources_1" RelGenDir="$PGENDIR/sources_1">
    <Filter Type="Srcs"/>
    <File Path="$PSRCDIR/sources_1/ip/xadc_wiz_0/xadc_wiz_0.xci">
      <FileInfo>
        <Attr Name="ImportPath" Val="$PPRDIR/../Digital_DPWM_con_ADC _31_7/Digital_DPWM_con_ADC/Digital_DPWM_con_ADC/Digital_DPWM_con_ADC.srcs/sources_1/ip/xadc_wiz_0/xadc_wiz_0.xci"/>
        <Attr Name="ImportTime" Val="1722335836"/>
        <Attr Name="UsedIn" Val="synthesis"/>
        <Attr Name="UsedIn" Val="implementation"/>
        <Attr Name="UsedIn" Val="simulation"/>
      </FileInfo>
    </File>
    <File Path="$PSRCDIR/sources_1/new/Clk_generador.vhd">
      <FileInfo>
        <Attr Name="ImportPath" Val="$PPRDIR/../Digital_DPWM_con_ADC _31_7/Digital_DPWM_con_ADC/Digital_DPWM_con_ADC/Digital_DPWM_con_ADC.srcs/sources_1/new/Clk_generador.vhd"/>
        <Attr Name="ImportTime" Val="1722338170"/>
        <Attr Name="UsedIn" Val="synthesis"/>
        <Attr Name="UsedIn" Val="simulation"/>
      </FileInfo>
    </File>
    <File Path="$PSRCDIR/sources_1/new/Clk_generator_desp.vhd">
      <FileInfo>
        <Attr Name="ImportPath" Val="$PPRDIR/../Digital_DPWM_con_ADC _31_7/Digital_DPWM_con_ADC/Digital_DPWM_con_ADC/Digital_DPWM_con_ADC.srcs/sources_1/new/Clk_generator_desp.vhd"/>
        <Attr Name="ImportTime" Val="1722338170"/>
        <Attr Name="UsedIn" Val="synthesis"/>
        <Attr Name="UsedIn" Val="simulation"/>
      </FileInfo>
    </File>
    <File Path="$PSRCDIR/sources_1/imports/new/Contador.vhd">
      <FileInfo>
        <Attr Name="ImportPath" Val="$PPRDIR/../Digital_DPWM_con_ADC _31_7/Digital_DPWM_con_ADC/Digital_PWM/Digital_PWM.srcs/sources_1/new/Contador.vhd"/>
        <Attr Name="ImportTime" Val="1697623560"/>
        <Attr Name="UsedIn" Val="synthesis"/>
        <Attr Name="UsedIn" Val="simulation"/>
      </FileInfo>
    </File>
    <File Path="$PSRCDIR/sources_1/imports/new/D-flipflop.vhd">
      <FileInfo>
        <Attr Name="ImportPath" Val="$PPRDIR/../Digital_DPWM_con_ADC _31_7/Digital_DPWM_con_ADC/Digital_PWM/Digital_PWM.srcs/sources_1/new/D-flipflop.vhd"/>
        <Attr Name="ImportTime" Val="1695044212"/>
        <Attr Name="UsedIn" Val="synthesis"/>
        <Attr Name="UsedIn" Val="simulation"/>
      </FileInfo>
    </File>
    <File Path="$PSRCDIR/sources_1/imports/new/DPWM.vhd">
      <FileInfo>
        <Attr Name="ImportPath" Val="$PPRDIR/../Digital_DPWM_con_ADC _31_7/Digital_DPWM_con_ADC/Digital_PWM/Digital_PWM.srcs/sources_1/new/DPWM.vhd"/>
        <Attr Name="ImportTime" Val="1697625908"/>
        <Attr Name="UsedIn" Val="synthesis"/>
        <Attr Name="UsedIn" Val="simulation"/>
      </FileInfo>
    </File>
    <File Path="$PSRCDIR/sources_1/imports/new/DeadTime.vhd">
      <FileInfo>
        <Attr Name="ImportPath" Val="$PPRDIR/../Digital_DPWM_con_ADC _31_7/Digital_DPWM_con_ADC/Digital_PWM/Digital_PWM.srcs/sources_1/new/DeadTime.vhd"/>
        <Attr Name="ImportTime" Val="1697627586"/>
        <Attr Name="UsedIn" Val="synthesis"/>
        <Attr Name="UsedIn" Val="simulation"/>
      </FileInfo>
    </File>
    <File Path="$PSRCDIR/sources_1/new/PI.vhd">
      <FileInfo>
        <Attr Name="ImportPath" Val="$PPRDIR/../Digital_DPWM_con_ADC _31_7/Digital_DPWM_con_ADC/Digital_DPWM_con_ADC/Digital_DPWM_con_ADC.srcs/sources_1/new/PI.vhd"/>
        <Attr Name="ImportTime" Val="1722428762"/>
        <Attr Name="UsedIn" Val="synthesis"/>
        <Attr Name="UsedIn" Val="simulation"/>
      </FileInfo>
    </File>
    <File Path="$PSRCDIR/sources_1/new/PID.vhd">
      <FileInfo>
        <Attr Name="ImportPath" Val="$PPRDIR/../Digital_DPWM_con_ADC _31_7/Digital_DPWM_con_ADC/Digital_DPWM_con_ADC/Digital_DPWM_con_ADC.srcs/sources_1/new/PID.vhd"/>
        <Attr Name="ImportTime" Val="1718893260"/>
        <Attr Name="UsedIn" Val="synthesis"/>
        <Attr Name="UsedIn" Val="simulation"/>
      </FileInfo>
    </File>
    <File Path="$PSRCDIR/sources_1/new/Tipo_3.vhd">
      <FileInfo>
        <Attr Name="ImportPath" Val="$PPRDIR/../Digital_DPWM_con_ADC _31_7/Digital_DPWM_con_ADC/Digital_DPWM_con_ADC/Digital_DPWM_con_ADC.srcs/sources_1/new/Tipo_3.vhd"/>
        <Attr Name="ImportTime" Val="1718757954"/>
        <Attr Name="UsedIn" Val="synthesis"/>
        <Attr Name="UsedIn" Val="simulation"/>
      </FileInfo>
    </File>
    <File Path="$PSRCDIR/sources_1/new/mult_sat.vhd">
      <FileInfo>
        <Attr Name="ImportPath" Val="$PPRDIR/../Digital_DPWM_con_ADC _31_7/Digital_DPWM_con_ADC/Digital_DPWM_con_ADC/Digital_DPWM_con_ADC.srcs/sources_1/new/mult_sat.vhd"/>
        <Attr Name="ImportTime" Val="1714493382"/>
        <Attr Name="UsedIn" Val="synthesis"/>
        <Attr Name="UsedIn" Val="simulation"/>
      </FileInfo>
    </File>
    <File Path="$PSRCDIR/sources_1/new/suma_saturada.vhd">
      <FileInfo>
        <Attr Name="ImportPath" Val="$PPRDIR/../Digital_DPWM_con_ADC _31_7/Digital_DPWM_con_ADC/Digital_DPWM_con_ADC/Digital_DPWM_con_ADC.srcs/sources_1/new/suma_saturada.vhd"/>
        <Attr Name="ImportTime" Val="1718729286"/>
        <Attr Name="UsedIn" Val="synthesis"/>
        <Attr Name="UsedIn" Val="simulation"/>
      </FileInfo>
    </File>
    <File Path="$PSRCDIR/sources_1/new/Main.vhd">
      <FileInfo>
        <Attr Name="ImportPath" Val="$PPRDIR/../Digital_DPWM_con_ADC _31_7/Digital_DPWM_con_ADC/Digital_DPWM_con_ADC/Digital_DPWM_con_ADC.srcs/sources_1/new/Main.vhd"/>
        <Attr Name="ImportTime" Val="1724514420"/>
        <Attr Name="UsedIn" Val="synthesis"/>
        <Attr Name="UsedIn" Val="simulation"/>
      </FileInfo>
    </File>
    <Config>
      <Option Name="DesignMode" Val="RTL"/>
      <Option Name="TopModule" Val="Main"/>
    </Config>
  </FileSet>
  <FileSet Name="constrs_in" Type="Constrs" RelSrcDir="$PSRCDIR/constrs_2" RelGenDir="$PGENDIR/constrs_2">
    <File Path="$PSRCDIR/constrs_2/imports/Digital_DPWM_con_ADC/Zybo-Z7-Master.xdc">
      <FileInfo>
        <Attr Name="ImportPath" Val="$PPRDIR/../Digital_DPWM_con_ADC _31_7/Digital_DPWM_con_ADC/Digital_DPWM_con_ADC/Zybo-Z7-Master.xdc"/>
        <Attr Name="ImportTime" Val="1715165414"/>
        <Attr Name="UsedIn" Val="synthesis"/>
        <Attr Name="UsedIn" Val="implementation"/>
      </FileInfo>
    </File>
    <Config>
      <Option Name="TargetConstrsFile" Val="$PSRCDIR/constrs_2/imports/Digital_DPWM_con_ADC/Zybo-Z7-Master.xdc"/>
      <Option Name="ConstrsType" Val="XDC"/>
    </Config>
  </FileSet>
  <FileSet Name="utils" Type="Utils" RelSrcDir="$PSRCDIR/utils_1" RelGenDir="$PGENDIR/utils_1">
    <Filter Type="Utils"/>
    <Config>
      <Option Name="TopAutoSet" Val="TRUE"/>
    </Config>
  </FileSet>
  <Strategy Version="1" Minor="2">
    <StratHandle Name="Vivado Synthesis Defaults" Flow="Vivado Synthesis 2023"/>
    <Step Id="synth_design"/>
  </Strategy>
  <BlockFileSet Type="BlockSrcs" Name="clk_wiz_1"/>
  <BlockFileSet Type="BlockSrcs" Name="clk_wiz_0"/>
</GenRun>
